Cement;Blast Furnace Slag;Fly Ash;Water;Superplasticizer;Coarse Aggregate;Fine Aggregate;Age;Concrete compressive strength
540.00;0.00;0.00;162.00;2.5;1040.00;676.00;28.00;7998611076.00
540.00;0.00;0.00;162.00;2.5;1055.00;676.00;28.00;6188736576.00
332.5;142.5;0.00;228.00;0.00;932.00;594.00;270.00;40269535256.00
332.5;142.5;0.00;228.00;0.00;932.00;594.00;365.00;41052779992.00
198.6;132.4;0.00;192.00;0.00;978.4;825.5;360.00;44296075096.00
266.00;114.00;0.00;228.00;0.00;932.00;670.00;90.00;47029847436.00
380.00;95.00;0.00;228.00;0.00;932.00;594.00;365.00;43698299404.00
380.00;95.00;0.00;228.00;0.00;932.00;594.00;28.00;36447769788.00
266.00;114.00;0.00;228.00;0.00;932.00;670.00;28.00;45854290856.00
475.00;0.00;0.00;228.00;0.00;932.00;594.00;28.00;3928978986.00
198.6;132.4;0.00;192.00;0.00;978.4;825.5;90.00;38074243672.00
198.6;132.4;0.00;192.00;0.00;978.4;825.5;28.00;28021683592.00
427.5;47.5;0.00;228.00;0.00;932.00;594.00;270.00;4301296026.00
190.00;190.00;0.00;228.00;0.00;932.00;670.00;90.00;4232693164.00
304.00;76.00;0.00;228.00;0.00;932.00;670.00;28.00;47813781648.00
380.00;0.00;0.00;228.00;0.00;932.00;670.00;90.00;52908319812.00
139.6;209.4;0.00;192.00;0.00;1047.00;806.9;90.00;39358047984.00
342.00;38.00;0.00;228.00;0.00;932.00;670.00;365.00;56141962252.00
380.00;95.00;0.00;228.00;0.00;932.00;594.00;90.00;40563252032.00
475.00;0.00;0.00;228.00;0.00;932.00;594.00;180.00;42620648416.00
427.5;47.5;0.00;228.00;0.00;932.00;594.00;180.00;41836714204.00
139.6;209.4;0.00;192.00;0.00;1047.00;806.9;28.00;2823748958.00
139.6;209.4;0.00;192.00;0.00;1047.00;806.9;3.00;806342182.00
139.6;209.4;0.00;192.00;0.00;1047.00;806.9;180.00;44207822168.00
380.00;0.00;0.00;228.00;0.00;932.00;670.00;365.00;52516697444.00
380.00;0.00;0.00;228.00;0.00;932.00;670.00;270.00;53300631656.00
380.00;95.00;0.00;228.00;0.00;932.00;594.00;270.00;4115137506.00
342.00;38.00;0.00;228.00;0.00;932.00;670.00;180.00;521243856.00
427.5;47.5;0.00;228.00;0.00;932.00;594.00;28.00;37427515184.00
475.00;0.00;0.00;228.00;0.00;932.00;594.00;7.00;3860376124.00
304.00;76.00;0.00;228.00;0.00;932.00;670.00;365.00;55260122448.00
266.00;114.00;0.00;228.00;0.00;932.00;670.00;365.00;52908319812.00
198.6;132.4;0.00;192.00;0.00;978.4;825.5;180.00;41719503284.00
475.00;0.00;0.00;228.00;0.00;932.00;594.00;270.00;42131120456.00
190.00;190.00;0.00;228.00;0.00;932.00;670.00;365.00;53692254024.00
237.5;237.5;0.00;228.00;0.00;932.00;594.00;270.00;38407950056.00
237.5;237.5;0.00;228.00;0.00;932.00;594.00;28.00;30079769452.00
332.5;142.5;0.00;228.00;0.00;932.00;594.00;90.00;37721921436.00
475.00;0.00;0.00;228.00;0.00;932.00;594.00;90.00;42229026048.00
237.5;237.5;0.00;228.00;0.00;932.00;594.00;180.00;36251958604.00
342.00;38.00;0.00;228.00;0.00;932.00;670.00;90.00;5045930106.00
427.5;47.5;0.00;228.00;0.00;932.00;594.00;365.00;43698299404.00
237.5;237.5;0.00;228.00;0.00;932.00;594.00;365.00;38995383608.00
380.00;0.00;0.00;228.00;0.00;932.00;670.00;180.00;53104130996.00
427.5;47.5;0.00;228.00;0.00;932.00;594.00;90.00;41542997428.00
427.5;47.5;0.00;228.00;0.00;932.00;594.00;7.00;35076402024.00
349.00;0.00;0.00;192.00;0.00;1047.00;806.9;3.00;15049192652.00
380.00;95.00;0.00;228.00;0.00;932.00;594.00;180.00;40759063216.00
237.5;237.5;0.00;228.00;0.00;932.00;594.00;7.00;26258003984.00
380.00;95.00;0.00;228.00;0.00;932.00;594.00;7.00;32823194456.00
332.5;142.5;0.00;228.00;0.00;932.00;594.00;180.00;3977931782.00
190.00;190.00;0.00;228.00;0.00;932.00;670.00;180.00;46931941844.00
237.5;237.5;0.00;228.00;0.00;932.00;594.00;90.00;33116911232.00
304.00;76.00;0.00;228.00;0.00;932.00;670.00;90.00;49185149412.00
139.6;209.4;0.00;192.00;0.00;1047.00;806.9;7.00;1458931216.00
198.6;132.4;0.00;192.00;0.00;978.4;825.5;7.00;14638264956.00
475.00;0.00;0.00;228.00;0.00;932.00;594.00;365.00;41934619796.00
198.6;132.4;0.00;192.00;0.00;978.4;825.5;3.00;9131420144.00
304.00;76.00;0.00;228.00;0.00;932.00;670.00;180.00;5094882902.00
332.5;142.5;0.00;228.00;0.00;932.00;594.00;28.00;3301900564.00
304.00;76.00;0.00;228.00;0.00;932.00;670.00;270.00;54378282644.00
266.00;114.00;0.00;228.00;0.00;932.00;670.00;270.00;51732763232.00
310.00;0.00;0.00;192.00;0.00;971.00;850.6;3.00;986640156.00
190.00;190.00;0.00;228.00;0.00;932.00;670.00;270.00;50655112244.00
266.00;114.00;0.00;228.00;0.00;932.00;670.00;180.00;48695621452.00
342.00;38.00;0.00;228.00;0.00;932.00;670.00;270.00;55064311264.00
139.6;209.4;0.00;192.00;0.00;1047.00;806.9;360.00;44698039604.00
332.5;142.5;0.00;228.00;0.00;932.00;594.00;7.00;30275580636.00
190.00;190.00;0.00;228.00;0.00;932.00;670.00;28.00;40856968808.00
485.00;0.00;0.00;146.00;0.00;1120.00;800.00;28.00;7198818916.00
374.00;189.2;0.00;170.1;10.1;926.1;756.7;3.00;3439795764.00
313.3;262.2;0.00;175.5;8.6;1046.9;611.8;3.00;2879941252.00
425.00;106.3;0.00;153.5;16.5;852.1;887.1;3.00;3339821744.00
425.00;106.3;0.00;151.4;18.6;936.00;803.7;3.00;363009114.00
375.00;93.8;0.00;126.6;23.4;852.1;992.6;3.00;2899936056.00
475.00;118.8;0.00;181.1;8.9;852.1;781.5;3.00;3779707432.00
469.00;117.2;0.00;137.8;32.2;852.1;840.5;3.00;401964508.00
425.00;106.3;0.00;153.5;16.5;852.1;887.1;3.00;3339821744.00
388.6;97.1;0.00;157.9;12.1;852.1;925.7;3.00;28096147.00
531.3;0.00;0.00;141.8;28.2;852.1;893.7;3.00;412996124.00
425.00;106.3;0.00;153.5;16.5;852.1;887.1;3.00;3339821744.00
318.8;212.5;0.00;155.7;14.3;852.1;880.4;3.00;252003478.00
401.8;94.7;0.00;147.4;11.4;946.8;852.1;3.00;4109966436.00
362.6;189.00;0.00;164.9;11.6;944.7;755.8;3.00;353011712.00
323.7;282.8;0.00;183.8;10.3;942.7;659.9;3.00;2829609504.00
379.5;151.2;0.00;153.9;15.9;1134.3;605.00;3.00;2859946448.00
362.6;189.00;0.00;164.9;11.6;944.7;755.8;3.00;353011712.00
286.3;200.9;0.00;144.7;11.2;1004.6;803.7;3.00;2440055564.00
362.6;189.00;0.00;164.9;11.6;944.7;755.8;3.00;353011712.00
439.00;177.00;0.00;186.00;11.1;884.9;707.9;3.00;39300132.00
389.9;189.00;0.00;145.9;22.00;944.7;755.8;3.00;4059634688.00
362.6;189.00;0.00;164.9;11.6;944.7;755.8;3.00;353011712.00
337.9;189.00;0.00;174.9;9.5;944.7;755.8;3.00;240971862.00
374.00;189.2;0.00;170.1;10.1;926.1;756.7;7.00;4620178676.00
313.3;262.2;0.00;175.5;8.6;1046.9;611.8;7.00;4279577532.00
425.00;106.3;0.00;153.5;16.5;852.1;887.1;7.00;4920100736.00
425.00;106.3;0.00;151.4;18.6;936.00;803.7;7.00;4680163088.00
375.00;93.8;0.00;126.6;23.4;852.1;992.6;7.00;4569846928.00
475.00;118.8;0.00;181.1;8.9;852.1;781.5;7.00;5559934464.00
469.00;117.2;0.00;137.8;32.2;852.1;840.5;7.00;5489607912.00
425.00;106.3;0.00;153.5;16.5;852.1;887.1;7.00;4920100736.00
388.6;97.1;0.00;157.9;12.1;852.1;925.7;7.00;3490127512.00
531.3;0.00;0.00;141.8;28.2;852.1;893.7;7.00;4689815752.00
425.00;106.3;0.00;153.5;16.5;852.1;887.1;7.00;4920100736.00
318.8;212.5;0.00;155.7;14.3;852.1;880.4;7.00;3339821744.00
401.8;94.7;0.00;147.4;11.4;946.8;852.1;7.00;5409628696.00
362.6;189.00;0.00;164.9;11.6;944.7;755.8;7.00;5589581932.00
323.7;282.8;0.00;183.8;10.3;942.7;659.9;7.00;4980085148.00
379.5;151.2;0.00;153.9;15.9;1134.3;605.00;7.00;4709810556.00
362.6;189.00;0.00;164.9;11.6;944.7;755.8;7.00;5589581932.00
286.3;200.9;0.00;144.7;11.2;1004.6;803.7;7.00;3799702236.00
362.6;189.00;0.00;164.9;11.6;944.7;755.8;7.00;5589581932.00
439.00;177.00;0.00;186.00;11.1;884.9;707.9;7.00;5609576736.00
389.9;189.00;0.00;145.9;22.00;944.7;755.8;7.00;5909498796.00
362.6;189.00;0.00;164.9;11.6;944.7;755.8;7.00;2289749796.00
337.9;189.00;0.00;174.9;9.5;944.7;755.8;7.00;3510122316.00
374.00;189.2;0.00;170.1;10.1;926.1;756.7;28.00;6109446836.00
313.3;262.2;0.00;175.5;8.6;1046.9;611.8;28.00;5979825348.00
425.00;106.3;0.00;153.5;16.5;852.1;887.1;28.00;602946762.00
425.00;106.3;0.00;151.4;18.6;936.00;803.7;28.00;6179773388.00
375.00;93.8;0.00;126.6;23.4;852.1;992.6;28.00;5669561148.00
475.00;118.8;0.00;181.1;8.9;852.1;781.5;28.00;6829949256.00
469.00;117.2;0.00;137.8;32.2;852.1;840.5;28.00;6689985628.00
425.00;106.3;0.00;153.5;16.5;852.1;887.1;28.00;602946762.00
388.6;97.1;0.00;157.9;12.1;852.1;925.7;28.00;5069717028.00
531.3;0.00;0.00;141.8;28.2;852.1;893.7;28.00;563991368.00
425.00;106.3;0.00;153.5;16.5;852.1;887.1;28.00;602946762.00
318.8;212.5;0.00;155.7;14.3;852.1;880.4;28.00;5549592324.00
401.8;94.7;0.00;147.4;11.4;946.8;852.1;28.00;684994406.00
362.6;189.00;0.00;164.9;11.6;944.7;755.8;28.00;7129871316.00
323.7;282.8;0.00;183.8;10.3;942.7;659.9;28.00;7469782984.00
379.5;151.2;0.00;153.9;15.9;1134.3;605.00;28.00;5220022796.00
362.6;189.00;0.00;164.9;11.6;944.7;755.8;28.00;7129871316.00
286.3;200.9;0.00;144.7;11.2;1004.6;803.7;28.00;6769964844.00
362.6;189.00;0.00;164.9;11.6;944.7;755.8;28.00;7129871316.00
439.00;177.00;0.00;186.00;11.1;884.9;707.9;28.00;6599664272.00
389.9;189.00;0.00;145.9;22.00;944.7;755.8;28.00;744978818.00
362.6;189.00;0.00;164.9;11.6;944.7;755.8;28.00;7129871316.00
337.9;189.00;0.00;174.9;9.5;944.7;755.8;28.00;4989737812.00
374.00;189.2;0.00;170.1;10.1;926.1;756.7;56.00;633973182.00
313.3;262.2;0.00;175.5;8.6;1046.9;611.8;56.00;6490037588.00
425.00;106.3;0.00;153.5;16.5;852.1;887.1;56.00;6430053176.00
425.00;106.3;0.00;151.4;18.6;936.00;803.7;56.00;6490037588.00
375.00;93.8;0.00;126.6;23.4;852.1;992.6;56.00;6019814956.00
475.00;118.8;0.00;181.1;8.9;852.1;781.5;56.00;7229845336.00
469.00;117.2;0.00;137.8;32.2;852.1;840.5;56.00;6929923276.00
425.00;106.3;0.00;153.5;16.5;852.1;887.1;56.00;6430053176.00
388.6;97.1;0.00;157.9;12.1;852.1;925.7;56.00;5519944856.00
531.3;0.00;0.00;141.8;28.2;852.1;893.7;56.00;5879851328.00
425.00;106.3;0.00;153.5;16.5;852.1;887.1;56.00;6430053176.00
318.8;212.5;0.00;155.7;14.3;852.1;880.4;56.00;6610006412.00
401.8;94.7;0.00;147.4;11.4;946.8;852.1;56.00;7369808964.00
362.6;189.00;0.00;164.9;11.6;944.7;755.8;56.00;7729715436.00
323.7;282.8;0.00;183.8;10.3;942.7;659.9;56.00;8019984832.00
379.5;151.2;0.00;153.9;15.9;1134.3;605.00;56.00;5489607912.00
362.6;189.00;0.00;164.9;11.6;944.7;755.8;56.00;7729715436.00
286.3;200.9;0.00;144.7;11.2;1004.6;803.7;56.00;7299482412.00
362.6;189.00;0.00;164.9;11.6;944.7;755.8;56.00;7729715436.00
439.00;177.00;0.00;186.00;11.1;884.9;707.9;56.00;7169860924.00
389.9;189.00;0.00;145.9;22.00;944.7;755.8;56.00;7940005616.00
362.6;189.00;0.00;164.9;11.6;944.7;755.8;56.00;7729715436.00
337.9;189.00;0.00;174.9;9.5;944.7;755.8;56.00;5989478012.00
374.00;189.2;0.00;170.1;10.1;926.1;756.7;91.00;6490037588.00
313.3;262.2;0.00;175.5;8.6;1046.9;611.8;91.00;6659648684.00
425.00;106.3;0.00;153.5;16.5;852.1;887.1;91.00;6519685056.00
425.00;106.3;0.00;151.4;18.6;936.00;803.7;91.00;6669990824.00
375.00;93.8;0.00;126.6;23.4;852.1;992.6;91.00;625009994.00
475.00;118.8;0.00;181.1;8.9;852.1;781.5;91.00;7419451236.00
469.00;117.2;0.00;137.8;32.2;852.1;840.5;91.00;7069886904.00
425.00;106.3;0.00;153.5;16.5;852.1;887.1;91.00;6519685056.00
388.6;97.1;0.00;157.9;12.1;852.1;925.7;91.00;5759882504.00
531.3;0.00;0.00;141.8;28.2;852.1;893.7;91.00;5919840936.00
425.00;106.3;0.00;153.5;16.5;852.1;887.1;91.00;6519685056.00
318.8;212.5;0.00;155.7;14.3;852.1;880.4;91.00;6809954452.00
401.8;94.7;0.00;147.4;11.4;946.8;852.1;91.00;75497622.00
362.6;189.00;0.00;164.9;11.6;944.7;755.8;91.00;7929663476.00
379.5;151.2;0.00;153.9;15.9;1134.3;605.00;91.00;5649566344.00
362.6;189.00;0.00;164.9;11.6;944.7;755.8;91.00;7929663476.00
286.3;200.9;0.00;144.7;11.2;1004.6;803.7;91.00;7680073164.00
362.6;189.00;0.00;164.9;11.6;944.7;755.8;91.00;7929663476.00
439.00;177.00;0.00;186.00;11.1;884.9;707.9;91.00;7329819356.00
389.9;189.00;0.00;145.9;22.00;944.7;755.8;91.00;825992248.00
362.6;189.00;0.00;164.9;11.6;944.7;755.8;91.00;7929663476.00
337.9;189.00;0.00;174.9;9.5;944.7;755.8;91.00;6779617508.00
222.36;0.00;96.67;189.29;4.46;967.08;870.32;3.00;1157630204.00
222.36;0.00;96.67;189.29;4.46;967.08;870.32;14.00;2444881896.00
222.36;0.00;96.67;189.29;4.46;967.08;870.32;28.00;248900836.00
222.36;0.00;96.67;189.29;4.46;967.08;870.32;56.00;2944751996.00
222.36;0.00;96.67;189.29;4.46;967.08;870.32;100.00;407135578.00
233.81;0.00;94.58;197.89;4567.00;947.04;852.16;3.00;1038350856.00
233.81;0.00;94.58;197.89;4567.00;947.04;852.16;14.00;2213907436.00
233.81;0.00;94.58;197.89;4567.00;947.04;852.16;28.00;2283544512.00
233.81;0.00;94.58;197.89;4567.00;947.04;852.16;56.00;2766177712.00
233.81;0.00;94.58;197.89;4567.00;947.04;852.16;100.00;3455653712.00
194.68;0.00;100.52;165.62;7.48;1006.4;905.9;3.00;1245193656.00
194.68;0.00;100.52;165.62;7.48;1006.4;905.9;14.00;2498661024.00
194.68;0.00;100.52;165.62;7.48;1006.4;905.9;28.00;2572434956.00
194.68;0.00;100.52;165.62;7.48;1006.4;905.9;56.00;3396358776.00
194.68;0.00;100.52;165.62;7.48;1006.4;905.9;100.00;3734202016.00
190.68;0.00;125.4;162.14;7.77;1090.00;804.01;3.00;1504436632.00
190.68;0.00;125.4;162.14;7.77;1090.00;804.01;14.00;210634918.00
190.68;0.00;125.4;162.14;7.77;1090.00;804.01;28.00;2640003604.00
190.68;0.00;125.4;162.14;7.77;1090.00;804.01;56.00;3534253976.00
190.68;0.00;125.4;162.14;7.77;1090.00;804.01;100.00;4056876784.00
212.07;0.00;121.62;180.31;5.69;1057.6;779.32;3.00;1247262084.00
212.07;0.00;121.62;180.31;5.69;1057.6;779.32;14.00;2091870184.00
212.07;0.00;121.62;180.31;5.69;1057.6;779.32;28.00;2490387312.00
212.07;0.00;121.62;180.31;5.69;1057.6;779.32;56.00;3420490436.00
212.07;0.00;121.62;180.31;5.69;1057.6;779.32;100.00;396103962.00
229.97;0.00;118.31;195.47;4.63;1029.4;758.59;3.00;100318758.00
229.97;0.00;118.31;195.47;4.63;1029.4;758.59;14.00;2008443588.00
229.97;0.00;118.31;195.47;4.63;1029.4;758.59;28.00;2448329276.00
229.97;0.00;118.31;195.47;4.63;1029.4;758.59;56.00;3153663224.00
229.97;0.00;118.31;195.47;4.63;1029.4;758.59;100.00;3534253976.00
190.34;0.00;125.18;161.85;9.88;1088.1;802.59;3.00;94458212.00
190.34;0.00;125.18;161.85;9.88;1088.1;802.59;14.00;227182342.00
190.34;0.00;125.18;161.85;9.88;1088.1;802.59;28.00;2846846404.00
190.34;0.00;125.18;161.85;9.88;1088.1;802.59;56.00;3856239268.00
190.34;0.00;125.18;161.85;9.88;1088.1;802.59;100.00;4038950408.00
166.09;0.00;163.27;176.46;4.49;1058.6;780.09;3.00;1076272036.00
166.09;0.00;163.27;176.46;4.49;1058.6;780.09;14.00;2548303296.00
166.09;0.00;163.27;176.46;4.49;1058.6;780.09;28.00;2153923024.00
166.09;0.00;163.27;176.46;4.49;1058.6;780.09;56.00;2862704352.00
166.09;0.00;163.27;176.46;4.49;1058.6;780.09;100.00;335430074.00
167.95;42.08;163.83;121.75;5.72;1058.7;780.11;3.00;774971024.00
167.95;42.08;163.83;121.75;5.72;1058.7;780.11;14.00;178229546.00
167.95;42.08;163.83;121.75;5.72;1058.7;780.11;28.00;2424197616.00
167.95;42.08;163.83;121.75;5.72;1058.7;780.11;56.00;328535314.00
167.95;42.08;163.83;121.75;5.72;1058.7;780.11;100.00;392311844.00
213.72;98.05;24.51;181.71;6.86;1065.8;785.38;3.00;179953236.00
213.72;98.05;24.51;181.71;6.86;1065.8;785.38;14.00;3038520732.00
213.72;98.05;24.51;181.71;6.86;1065.8;785.38;28.00;4570536404.00
213.72;98.05;24.51;181.71;6.86;1065.8;785.38;56.00;5077301264.00
213.72;98.05;24.51;181.71;6.86;1065.8;785.38;100.00;5390323368.00
213.76;98.06;24.52;181.74;6.65;1066.00;785.52;3.00;1318278112.00
213.76;98.06;24.52;181.74;6.65;1066.00;785.52;14.00;1783674412.00
213.76;98.06;24.52;181.74;6.65;1066.00;785.52;28.00;402309246.00
213.76;98.06;24.52;181.74;6.65;1066.00;785.52;56.00;4713257936.00
213.76;98.06;24.52;181.74;6.65;1066.00;785.52;100.00;4997322048.00
229.68;0.00;118.16;195.23;6.13;1028.1;757.63;3.00;1335515012.00
229.68;0.00;118.16;195.23;6.13;1028.1;757.63;14.00;2231833812.00
229.68;0.00;118.16;195.23;6.13;1028.1;757.63;28.00;2453845084.00
229.68;0.00;118.16;195.23;6.13;1028.1;757.63;56.00;3135047372.00
229.68;0.00;118.16;195.23;6.13;1028.1;757.63;100.00;4085834776.00
238.05;0.00;94.11;186.66;7.00;949.91;847.01;3.00;1993275116.00
238.05;0.00;94.11;186.66;7.00;949.91;847.01;14.00;2568987576.00
238.05;0.00;94.11;186.66;7.00;949.91;847.01;28.00;302335226.00
238.05;0.00;94.11;186.66;7.00;949.91;847.01;56.00;3958971192.00
238.05;0.00;94.11;186.66;7.00;949.91;847.01;100.00;44298833.00
250.00;0.00;95.69;187.42;5.53;956.86;861.17;3.00;1381709904.00
250.00;0.00;95.69;187.42;5.53;956.86;861.17;14.00;2491766264.00
250.00;0.00;95.69;187.42;5.53;956.86;861.17;28.00;2921999288.00
250.00;0.00;95.69;187.42;5.53;956.86;861.17;56.00;3832797084.00
250.00;0.00;95.69;187.42;5.53;956.86;861.17;100.00;4234761592.00
212.52;0.00;100.37;159.32;8.71;1007.8;903.59;3.00;1354130864.00
212.52;0.00;100.37;159.32;8.71;1007.8;903.59;14.00;2631040416.00
212.52;0.00;100.37;159.32;8.71;1007.8;903.59;28.00;3164005364.00
212.52;0.00;100.37;159.32;8.71;1007.8;903.59;56.00;4254756396.00
212.52;0.00;100.37;159.32;8.71;1007.8;903.59;100.00;42919881.00
212.57;0.00;100.39;159.35;10.37;1003.8;903.79;3.00;1333446584.00
212.57;0.00;100.39;159.35;10.37;1003.8;903.79;14.00;253727168.00
212.57;0.00;100.39;159.35;10.37;1003.8;903.79;28.00;37404073.00
212.57;0.00;100.39;159.35;10.37;1003.8;903.79;56.00;4439535964.00
212.57;0.00;100.39;159.35;10.37;1003.8;903.79;100.00;4773931824.00
212.00;0.00;124.78;159.00;7.84;1085.4;799.54;3.00;1951906556.00
212.00;0.00;124.78;159.00;7.84;1085.4;799.54;14.00;3135047372.00
212.00;0.00;124.78;159.00;7.84;1085.4;799.54;28.00;3850033984.00
212.00;0.00;124.78;159.00;7.84;1085.4;799.54;56.00;4508483564.00
212.00;0.00;124.78;159.00;7.84;1085.4;799.54;100.00;478151606.00
231.75;0.00;121.62;173.96;6.72;1056.4;778.45;3.00;1543736764.00
231.75;0.00;121.62;173.96;6.72;1056.4;778.45;14.00;2677235308.00
231.75;0.00;121.62;173.96;6.72;1056.4;778.45;28.00;3372916592.00
231.75;0.00;121.62;173.96;6.72;1056.4;778.45;56.00;4269924868.00
231.75;0.00;121.62;173.96;6.72;1056.4;778.45;100.00;4583636448.00
251.37;0.00;118.27;188.45;5.75;1028.4;757.73;3.00;1722311048.00
251.37;0.00;118.27;188.45;5.75;1028.4;757.73;14.00;2993015316.00
251.37;0.00;118.27;188.45;5.75;1028.4;757.73;28.00;2965436276.00
251.37;0.00;118.27;188.45;5.75;1028.4;757.73;56.00;3696970312.00
251.37;0.00;118.27;188.45;5.75;1028.4;757.73;100.00;4358177796.00
251.37;0.00;118.27;188.45;6.35;1028.4;757.73;3.00;1312072828.00
251.37;0.00;118.27;188.45;6.35;1028.4;757.73;14.00;2442813468.00
251.37;0.00;118.27;188.45;6.35;1028.4;757.73;28.00;3266047812.00
251.37;0.00;118.27;188.45;6.35;1028.4;757.73;56.00;3663875464.00
251.37;0.00;118.27;188.45;6.35;1028.4;757.73;100.00;4420920112.00
181.38;0.00;167.01;169.59;7.56;1055.6;777.8;3.00;1362404576.00
181.38;0.00;167.01;169.59;7.56;1055.6;777.8;14.00;2160128308.00
181.38;0.00;167.01;169.59;7.56;1055.6;777.8;28.00;2777209328.00
181.38;0.00;167.01;169.59;7.56;1055.6;777.8;56.00;3557006684.00
181.38;0.00;167.01;169.59;7.56;1055.6;777.8;100.00;453675208.00
182.04;45.21;121.97;170.21;8.19;1059.4;780.65;3.00;731534036.00
182.04;45.21;121.97;170.21;8.19;1059.4;780.65;14.00;2150475644.00
182.04;45.21;121.97;170.21;8.19;1059.4;780.65;28.00;312677366.00
182.04;45.21;121.97;170.21;8.19;1059.4;780.65;56.00;4349904084.00
182.04;45.21;121.97;170.21;8.19;1059.4;780.65;100.00;4867011084.00
168.88;42.22;124.25;158.33;10.83;1080.8;796.15;3.00;739807748.00
168.88;42.22;124.25;158.33;10.83;1080.8;796.15;14.00;235111316.00
168.88;42.22;124.25;158.33;10.83;1080.8;796.15;28.00;3111605188.00
168.88;42.22;124.25;158.33;10.83;1080.8;796.15;56.00;3914844728.00
168.88;42.22;124.25;158.33;10.83;1080.8;796.15;100.00;4815300384.00
290.35;0.00;96.18;168.08;9.41;961.18;865.00;3.00;2250449664.00
290.35;0.00;96.18;168.08;9.41;961.18;865.00;14.00;3467374804.00
290.35;0.00;96.18;168.08;9.41;961.18;865.00;28.00;3473580088.00
290.35;0.00;96.18;168.08;9.41;961.18;865.00;56.00;4508483564.00
290.35;0.00;96.18;168.08;9.41;961.18;865.00;100.00;4897348028.00
277.05;0.00;97.39;160.6;11.83;973.9;875.61;3.00;2313881456.00
277.05;0.00;97.39;160.6;11.83;973.9;875.61;14.00;41885667.00
277.05;0.00;97.39;160.6;11.83;973.9;875.61;28.00;4828400428.00
277.05;0.00;97.39;160.6;11.83;973.9;875.61;56.00;5103501352.00
277.05;0.00;97.39;160.6;11.83;973.9;875.61;100.00;556407132.00
295.71;0.00;95.64;171.54;8.87;955.14;859.2;3.00;2294576128.00
295.71;0.00;95.64;171.54;8.87;955.14;859.2;14.00;352322236.00
295.71;0.00;95.64;171.54;8.87;955.14;859.2;28.00;3994134468.00
295.71;0.00;95.64;171.54;8.87;955.14;859.2;56.00;4871837416.00
295.71;0.00;95.64;171.54;8.87;955.14;859.2;100.00;5204164848.00
251.81;0.00;99.94;146.14;12.35;1006.00;899.76;3.00;2102212324.00
251.81;0.00;99.94;146.14;12.35;1006.00;899.76;14.00;3335684888.00
251.81;0.00;99.94;146.14;12.35;1006.00;899.76;28.00;3394290348.00
251.81;0.00;99.94;146.14;12.35;1006.00;899.76;56.00;4414025352.00
251.81;0.00;99.94;146.14;12.35;1006.00;899.76;100.00;453675208.00
249.1;0.00;98.75;158.11;12.8;987.76;889.01;3.00;1536152528.00
249.1;0.00;98.75;158.11;12.8;987.76;889.01;14.00;286822016.00
249.1;0.00;98.75;158.11;12.8;987.76;889.01;28.00;3084715624.00
249.1;0.00;98.75;158.11;12.8;987.76;889.01;56.00;4203045696.00
249.1;0.00;98.75;158.11;12.8;987.76;889.01;100.00;510556978.00
252.31;0.00;98.75;146.25;14.17;987.76;889.01;3.00;2178054684.00
252.31;0.00;98.75;146.25;14.17;987.76;889.01;14.00;4229245784.00
252.31;0.00;98.75;146.25;14.17;987.76;889.01;28.00;5060064364.00
252.31;0.00;98.75;146.25;14.17;987.76;889.01;56.00;5582687172.00
252.31;0.00;98.75;146.25;14.17;987.76;889.01;100.00;609496784.00
246.83;0.00;125.08;143.3;11.99;1086.8;800.89;3.00;2352492112.00
246.83;0.00;125.08;143.3;11.99;1086.8;800.89;14.00;4221661548.00
246.83;0.00;125.08;143.3;11.99;1086.8;800.89;28.00;525035974.00
246.83;0.00;125.08;143.3;11.99;1086.8;800.89;56.00;6032225524.00
246.83;0.00;125.08;143.3;11.99;1086.8;800.89;100.00;6642411784.00
275.07;0.00;121.35;159.48;9.9;1053.6;777.5;3.00;2380071152.00
275.07;0.00;121.35;159.48;9.9;1053.6;777.5;14.00;3876923548.00
275.07;0.00;121.35;159.48;9.9;1053.6;777.5;28.00;513314882.00
275.07;0.00;121.35;159.48;9.9;1053.6;777.5;56.00;568472962.00
275.07;0.00;121.35;159.48;9.9;1053.6;777.5;100.00;5860546.00
297.16;0.00;117.54;174.8;9.52;1022.8;753.45;3.00;2191154728.00
297.16;0.00;117.54;174.8;9.52;1022.8;753.45;14.00;369903874.00
297.16;0.00;117.54;174.8;9.52;1022.8;753.45;28.00;47401475.00
297.16;0.00;117.54;174.8;9.52;1022.8;753.45;56.00;5195891136.00
297.16;0.00;117.54;174.8;9.52;1022.8;753.45;100.00;567438748.00
213.74;0.00;174.74;154.79;10.16;1053.5;776.35;3.00;1757474324.00
213.74;0.00;174.74;154.79;10.16;1053.5;776.35;14.00;3372916592.00
213.74;0.00;174.74;154.79;10.16;1053.5;776.35;28.00;4014818748.00
213.74;0.00;174.74;154.79;10.16;1053.5;776.35;56.00;466430514.00
213.74;0.00;174.74;154.79;10.16;1053.5;776.35;100.00;5007664188.00
213.5;0.00;174.24;154.61;11.66;1052.3;775.48;3.00;1736790044.00
213.5;0.00;174.24;154.61;11.66;1052.3;775.48;14.00;3370158688.00
213.5;0.00;174.24;154.61;11.66;1052.3;775.48;28.00;4593978588.00
213.5;0.00;174.24;154.61;11.66;1052.3;775.48;56.00;514349096.00
213.5;0.00;174.24;154.61;11.66;1052.3;775.48;100.00;5930183076.00
277.19;97.82;24.46;160.7;11.19;1061.7;782.46;3.00;3044726016.00
277.19;97.82;24.46;160.7;11.19;1061.7;782.46;14.00;477117392.00
277.19;97.82;24.46;160.7;11.19;1061.7;782.46;28.00;6314221208.00
277.19;97.82;24.46;160.7;11.19;1061.7;782.46;56.00;6682401392.00
277.19;97.82;24.46;160.7;11.19;1061.7;782.46;100.00;669481196.00
218.23;54.64;123.78;140.75;11.91;1075.7;792.67;3.00;2742046052.00
218.23;54.64;123.78;140.75;11.91;1075.7;792.67;14.00;359561734.00
218.23;54.64;123.78;140.75;11.91;1075.7;792.67;28.00;5550971276.00
218.23;54.64;123.78;140.75;11.91;1075.7;792.67;56.00;6199078716.00
218.23;54.64;123.78;140.75;11.91;1075.7;792.67;100.00;6352831864.00
214.9;53.8;121.89;155.63;9.61;1014.3;780.58;3.00;1801600788.00
214.9;53.8;121.89;155.63;9.61;1014.3;780.58;14.00;3860376124.00
214.9;53.8;121.89;155.63;9.61;1014.3;780.58;28.00;5220022796.00
214.9;53.8;121.89;155.63;9.61;1014.3;780.58;56.00;5395839176.00
214.9;53.8;121.89;155.63;9.61;1014.3;780.58;100.00;5663355864.00
218.85;0.00;124.13;158.49;11.33;1078.7;794.91;3.00;15340841.00
218.85;0.00;124.13;158.49;11.33;1078.7;794.91;14.00;2604840328.00
218.85;0.00;124.13;158.49;11.33;1078.7;794.91;28.00;3021973308.00
218.85;0.00;124.13;158.49;11.33;1078.7;794.91;56.00;372661778.00
218.85;0.00;124.13;158.49;11.33;1078.7;794.91;100.00;462293658.00
376.00;0.00;0.00;214.6;0.00;1003.5;762.36;3.00;1627852836.00
376.00;0.00;0.00;214.6;0.00;1003.5;762.36;14.00;2562092816.00
376.00;0.00;0.00;214.6;0.00;1003.5;762.36;28.00;3197100212.00
376.00;0.00;0.00;214.6;0.00;1003.5;762.36;56.00;363009114.00
376.00;0.00;0.00;214.6;0.00;1003.5;762.36;100.00;430577762.00
500.00;0.00;0.00;140.00;4.00;966.00;853.00;28.00;67568648.00
475.00;0.00;59.00;142.00;1.9;1098.00;641.00;28.00;57226508.00
315.00;137.00;0.00;145.00;5.9;1130.00;745.00;28.00;8175116932.00
505.00;0.00;60.00;195.00;0.00;1030.00;630.00;28.00;640178466.00
451.00;0.00;0.00;165.00;11.25;1030.00;745.00;28.00;7880021204.00
516.00;0.00;0.00;162.00;8.2;801.00;802.00;28.00;4136856.00
520.00;0.00;0.00;170.00;5.2;855.00;855.00;28.00;6028088668.00
528.00;0.00;0.00;185.00;6.86;920.00;720.00;28.00;5683350668.00
520.00;0.00;0.00;175.00;5.2;870.00;805.00;28.00;51021224.00
385.00;0.00;136.00;158.00;20.00;903.00;768.00;28.00;5555108132.00
500.1;0.00;0.00;200.00;3.00;1124.4;613.2;28.00;4413335876.00
450.1;50.00;0.00;200.00;3.00;1124.4;613.2;28.00;3937597436.00
397.00;17.2;158.00;167.00;20.8;967.00;633.00;28.00;5564760796.00
333.00;17.5;163.00;167.00;17.9;996.00;652.00;28.00;4727736932.00
334.00;17.6;158.00;189.00;15.3;967.00;633.00;28.00;4432641204.00
405.00;0.00;0.00;175.00;0.00;1120.00;695.00;28.00;5230364936.00
200.00;200.00;0.00;190.00;0.00;1145.00;660.00;28.00;4924927068.00
516.00;0.00;0.00;162.00;8.26;801.00;802.00;28.00;4136856.00
145.00;116.00;119.00;184.00;5.7;833.00;880.00;28.00;2915794004.00
160.00;128.00;122.00;182.00;6.4;824.00;879.00;28.00;3939665864.00
234.00;156.00;0.00;189.00;5.85;981.00;760.00;28.00;39300132.00
250.00;180.00;95.00;159.00;9.45;860.00;800.00;28.00;6786512268.00
475.00;0.00;0.00;162.00;9.5;1044.00;662.00;28.00;5852272288.00
285.00;190.00;0.00;163.00;7.6;1031.00;685.00;28.00;5357917996.00
356.00;119.00;0.00;160.00;9.03;1061.00;657.00;28.00;5899846132.00
275.00;180.00;120.00;162.00;10.35;830.00;765.00;28.00;7623536132.00
500.00;0.00;0.00;151.00;9.00;1033.00;655.00;28.00;6983702404.00
165.00;0.02;143.57;163.81;0.00;1005.6;900.9;3.00;1439625888.00
165.00;128.5;132.1;175.06;8.08;1005.8;746.6;3.00;1941564416.00
178.03;129.8;118.6;179.94;3.57;1007.3;746.8;3.00;2072564856.00
167.35;129.9;128.62;175.46;7.79;1006.3;746.6;3.00;1494094492.00
172.38;13.61;172.37;156.76;4.14;1006.3;856.4;3.00;2129101888.00
173.54;50.05;173.53;164.77;6.47;1006.2;793.5;3.00;2307676172.00
167.00;75.4;167.00;164.03;7.91;1007.3;770.1;3.00;1552010476.00
173.81;93.37;159.9;172.34;9.73;1007.2;746.6;3.00;1581657944.00
190.34;0.00;125.18;166.61;9.88;1079.00;798.9;3.00;125484632.00
250.00;0.00;95.69;191.84;5.33;948.9;857.2;3.00;848744956.00
213.5;0.00;174.24;159.21;11.66;1043.6;771.9;3.00;1560973664.00
194.68;0.00;100.52;170.17;7.48;998.00;901.8;3.00;1217614616.00
251.37;0.00;118.27;192.94;5.75;1043.6;754.3;3.00;1198309288.00
165.00;0.02;143.57;163.81;0.00;1005.6;900.9;14.00;1687837248.00
165.00;128.5;132.1;175.06;8.08;1005.8;746.6;14.00;3308795324.00
178.03;129.8;118.6;179.94;3.57;1007.3;746.8;14.00;3423937816.00
167.35;129.9;128.62;175.46;7.79;1006.3;746.6;14.00;3181242264.00
172.38;13.61;172.37;156.76;4.14;1006.3;856.4;14.00;297508894.00
173.54;50.05;173.53;164.77;6.47;1006.2;793.5;14.00;3300521612.00
167.00;75.4;167.00;164.03;7.91;1007.3;770.1;14.00;3290179472.00
173.81;93.37;159.9;172.34;9.73;1007.2;746.6;14.00;2955094136.00
190.34;0.00;125.18;166.61;9.88;1079.00;798.9;14.00;1941564416.00
250.00;0.00;95.69;191.84;5.33;948.9;857.2;14.00;2465566176.00
213.5;0.00;174.24;159.21;11.66;1043.6;771.9;14.00;2959230992.00
194.68;0.00;100.52;170.17;7.48;998.00;901.8;14.00;2428334472.00
251.37;0.00;118.27;192.94;5.75;1043.6;754.3;14.00;2072564856.00
165.00;0.02;143.57;163.81;0.00;1005.6;900.9;28.00;26200088.00
165.00;128.5;132.1;175.06;8.08;1005.8;746.6;28.00;4638794528.00
178.03;129.8;118.6;179.94;3.57;1007.3;746.8;28.00;391622368.00
167.35;129.9;128.62;175.46;7.79;1006.3;746.6;28.00;4120308576.00
172.38;13.61;172.37;156.76;4.14;1006.3;856.4;28.00;3368779736.00
173.54;50.05;173.53;164.77;6.47;1006.2;793.5;28.00;3820386516.00
167.00;75.4;167.00;164.03;7.91;1007.3;770.1;28.00;4140992856.00
173.81;93.37;159.9;172.34;9.73;1007.2;746.6;28.00;3781086384.00
190.34;0.00;125.18;166.61;9.88;1079.00;798.9;28.00;2484871504.00
250.00;0.00;95.69;191.84;5.33;948.9;857.2;28.00;2722051248.00
213.5;0.00;174.24;159.21;11.66;1043.6;771.9;28.00;4463667624.00
194.68;0.00;100.52;170.17;7.48;998.00;901.8;28.00;372661778.00
251.37;0.00;118.27;192.94;5.75;1043.6;754.3;28.00;3327411176.00
165.00;0.02;143.57;163.81;0.00;1005.6;900.9;56.00;3656291228.00
165.00;128.5;132.1;175.06;8.08;1005.8;746.6;56.00;5372396992.00
178.03;129.8;118.6;179.94;3.57;1007.3;746.8;56.00;4858737372.00
167.35;129.9;128.62;175.46;7.79;1006.3;746.6;56.00;5172448952.00
172.38;13.61;172.37;156.76;4.14;1006.3;856.4;56.00;35852752.00
173.54;50.05;173.53;164.77;6.47;1006.2;793.5;56.00;5377223324.00
167.00;75.4;167.00;164.03;7.91;1007.3;770.1;56.00;5346196904.00
173.81;93.37;159.9;172.34;9.73;1007.2;746.6;56.00;489872698.00
190.34;0.00;125.18;166.61;9.88;1079.00;798.9;56.00;31715896.00
250.00;0.00;95.69;191.84;5.33;948.9;857.2;56.00;3964487.00
213.5;0.00;174.24;159.21;11.66;1043.6;771.9;56.00;5125564584.00
194.68;0.00;100.52;170.17;7.48;998.00;901.8;56.00;4338872468.00
251.37;0.00;118.27;192.94;5.75;1043.6;754.3;56.00;392656582.00
165.00;0.02;143.57;163.81;0.00;1005.6;900.9;100.00;379556538.00
165.00;128.5;132.1;175.06;8.08;1005.8;746.6;100.00;550201848.00
178.03;129.8;118.6;179.94;3.57;1007.3;746.8;100.00;4999390476.00
167.35;129.9;128.62;175.46;7.79;1006.3;746.6;100.00;5365502232.00
172.38;13.61;172.37;156.76;4.14;1006.3;856.4;100.00;376798634.00
173.54;50.05;173.53;164.77;6.47;1006.2;793.5;100.00;5606129356.00
167.00;75.4;167.00;164.03;7.91;1007.3;770.1;100.00;568128224.00
173.81;93.37;159.9;172.34;9.73;1007.2;746.6;100.00;5093848688.00
190.34;0.00;125.18;166.61;9.88;1079.00;798.9;100.00;3356369168.00
250.00;0.00;95.69;191.84;5.33;948.9;857.2;100.00;411617172.00
213.5;0.00;174.24;159.21;11.66;1043.6;771.9;100.00;5295865156.00
194.68;0.00;100.52;170.17;7.48;998.00;901.8;100.00;4427814872.00
251.37;0.00;118.27;192.94;5.75;1043.6;754.3;100.00;4014818748.00
446.00;24.00;79.00;162.00;11.61;967.00;712.00;28.00;5702655996.00
446.00;24.00;79.00;162.00;11.64;967.00;712.00;28.00;4442293868.00
446.00;24.00;79.00;162.00;11.64;967.00;712.00;28.00;51021224.00
446.00;24.00;79.00;162.00;10.3;967.00;712.00;28.00;5338612668.00
446.00;24.00;79.00;162.00;11.61;967.00;712.00;3.00;3536322404.00
446.00;24.00;79.00;162.00;11.64;967.00;712.00;3.00;2502108404.00
446.00;24.00;79.00;162.00;11.64;967.00;712.00;3.00;2334565736.00
446.00;24.00;79.00;162.00;11.61;967.00;712.00;7.00;5200717468.00
446.00;24.00;79.00;162.00;11.64;967.00;712.00;7.00;3801770664.00
446.00;24.00;79.00;162.00;11.64;967.00;712.00;7.00;39300132.00
446.00;24.00;79.00;162.00;11.61;967.00;712.00;56.00;6106688932.00
446.00;24.00;79.00;162.00;11.64;967.00;712.00;56.00;5614403068.00
446.00;24.00;79.00;162.00;11.64;967.00;712.00;56.00;5525460664.00
446.00;24.00;79.00;162.00;10.3;967.00;712.00;56.00;5476507868.00
387.00;20.00;94.00;157.00;14.32;938.00;845.00;28.00;5023522136.00
387.00;20.00;94.00;157.00;13.93;938.00;845.00;28.00;4668441996.00
387.00;20.00;94.00;157.00;11.61;938.00;845.00;28.00;4668441996.00
387.00;20.00;94.00;157.00;14.32;938.00;845.00;3.00;22752708.00
387.00;20.00;94.00;157.00;13.93;938.00;845.00;3.00;25510612.00
387.00;20.00;94.00;157.00;11.61;938.00;845.00;3.00;3477027468.00
387.00;20.00;94.00;157.00;14.32;938.00;845.00;7.00;3683870268.00
387.00;20.00;94.00;157.00;13.93;938.00;845.00;7.00;4589841732.00
387.00;20.00;94.00;157.00;11.61;938.00;845.00;7.00;4166503468.00
387.00;20.00;94.00;157.00;14.32;938.00;845.00;56.00;5633708396.00
387.00;20.00;94.00;157.00;13.93;938.00;845.00;56.00;4796684532.00
387.00;20.00;94.00;157.00;11.61;938.00;845.00;56.00;6145989064.00
355.00;19.00;97.00;145.00;13.13;967.00;871.00;28.00;4402993736.00
355.00;19.00;97.00;145.00;12.25;967.00;871.00;28.00;5545455468.00
491.00;26.00;123.00;210.00;3.93;882.00;699.00;28.00;5555108132.00
491.00;26.00;123.00;201.00;3.93;822.00;699.00;28.00;57915984.00
491.00;26.00;123.00;210.00;3.93;882.00;699.00;3.00;256091085694586.00
491.00;26.00;123.00;210.00;3.93;882.00;699.00;7.00;334888342847293.00
491.00;26.00;123.00;210.00;3.93;882.00;699.00;56.00;595904257152707.00
491.00;26.00;123.00;201.00;3.93;822.00;699.00;3.00;295489714305414.00
491.00;26.00;123.00;201.00;3.93;822.00;699.00;7.00;3792118.00
491.00;26.00;123.00;201.00;3.93;822.00;699.00;56.00;61855846854188.00
424.00;22.00;132.00;178.00;8.48;822.00;750.00;28.00;6205284.00
424.00;22.00;132.00;178.00;8.48;882.00;750.00;3.00;320113857152707.00
424.00;22.00;132.00;168.00;8.92;822.00;750.00;28.00;7209850532.00
424.00;22.00;132.00;178.00;8.48;822.00;750.00;7.00;390046422847293.00
424.00;22.00;132.00;178.00;8.48;822.00;750.00;56.00;65697213145812.00
424.00;22.00;132.00;168.00;8.92;822.00;750.00;3.00;321098822847293.00
424.00;22.00;132.00;168.00;8.92;822.00;750.00;7.00;402850977152707.00
424.00;22.00;132.00;168.00;8.92;822.00;750.00;56.00;743649114581204.00
202.00;11.00;141.00;206.00;1.72;942.00;801.00;28.00;2196670536.00
202.00;11.00;141.00;206.00;1.72;942.00;801.00;3.00;984965714581204.00
202.00;11.00;141.00;206.00;1.72;942.00;801.00;7.00;150699754305414.00
202.00;11.00;141.00;206.00;1.72;942.00;801.00;56.00;23245190854188.00
284.00;15.00;141.00;179.00;5.46;842.00;801.00;28.00;4373346268.00
284.00;15.00;141.00;179.00;5.46;842.00;801.00;3.00;133955337152707.00
284.00;15.00;141.00;179.00;5.46;842.00;801.00;7.00;2413166.00
284.00;15.00;141.00;179.00;5.46;842.00;801.00;56.00;445204502847293.00
359.00;19.00;141.00;154.00;10.91;942.00;801.00;28.00;6293536928.00
359.00;19.00;141.00;154.00;10.91;942.00;801.00;28.00;5949488404.00
359.00;19.00;141.00;154.00;10.91;942.00;801.00;3.00;251166257152707.00
359.00;19.00;141.00;154.00;10.91;942.00;801.00;3.00;23639177145812.00
359.00;19.00;141.00;154.00;10.91;942.00;801.00;7.00;357542554305414.00
359.00;19.00;141.00;154.00;10.91;942.00;801.00;7.00;38610656.00
359.00;19.00;141.00;154.00;10.91;942.00;801.00;56.00;68750606854188.00
359.00;19.00;141.00;154.00;10.91;942.00;801.00;56.00;667806754305414.00
436.00;0.00;0.00;218.00;0.00;838.4;719.7;28.00;2384897484.00
289.00;0.00;0.00;192.00;0.00;913.2;895.3;90.00;32068218236.00
289.00;0.00;0.00;192.00;0.00;913.2;895.3;3.00;11654902304.00
393.00;0.00;0.00;192.00;0.00;940.6;785.6;3.00;19199148696.00
393.00;0.00;0.00;192.00;0.00;940.6;785.6;90.00;48846616696.00
393.00;0.00;0.00;192.00;0.00;940.6;785.6;28.00;39604880392.00
480.00;0.00;0.00;192.00;0.00;936.2;712.2;28.00;43942373908.00
480.00;0.00;0.00;192.00;0.00;936.2;712.2;7.00;34569637164.00
480.00;0.00;0.00;192.00;0.00;936.2;712.2;90.00;54315540328.00
480.00;0.00;0.00;192.00;0.00;936.2;712.2;3.00;24404692496.00
333.00;0.00;0.00;192.00;0.00;931.2;842.6;3.00;15615941924.00
255.00;0.00;0.00;192.00;0.00;889.8;945.00;90.00;21859147104.00
255.00;0.00;0.00;192.00;0.00;889.8;945.00;7.00;10222171176.00
289.00;0.00;0.00;192.00;0.00;913.2;895.3;7.00;14596896396.00
255.00;0.00;0.00;192.00;0.00;889.8;945.00;28.00;18746162964.00
333.00;0.00;0.00;192.00;0.00;931.2;842.6;28.00;31966865264.00
333.00;0.00;0.00;192.00;0.00;931.2;842.6;7.00;23404952296.00
289.00;0.00;0.00;192.00;0.00;913.2;895.3;28.00;25573354316.00
333.00;0.00;0.00;192.00;0.00;931.2;842.6;90.00;41680203152.00
393.00;0.00;0.00;192.00;0.00;940.6;785.6;7.00;27742445812.00
255.00;0.00;0.00;192.00;0.00;889.8;945.00;3.00;8204074924.00
158.8;238.2;0.00;185.7;0.00;1040.6;734.3;7.00;9617500724.00
239.6;359.4;0.00;185.7;0.00;941.6;664.3;7.00;25422359072.00
238.2;158.8;0.00;185.7;0.00;1040.6;734.3;7.00;15691094808.00
181.9;272.8;0.00;185.7;0.00;1012.4;714.3;28.00;27935499092.00
193.5;290.2;0.00;185.7;0.00;998.2;704.3;28.00;32626693796.00
255.5;170.3;0.00;185.7;0.00;1026.6;724.3;7.00;17236210524.00
272.8;181.9;0.00;185.7;0.00;1012.4;714.3;7.00;19765208492.00
239.6;359.4;0.00;185.7;0.00;941.6;664.3;28.00;39435269296.00
220.8;147.2;0.00;185.7;0.00;1055.00;744.3;28.00;2574503384.00
397.00;0.00;0.00;185.7;0.00;1040.6;734.3;28.00;33082437432.00
382.5;0.00;0.00;185.7;0.00;1047.8;739.3;7.00;24065470304.00
210.7;316.1;0.00;185.7;0.00;977.00;689.3;7.00;21819846972.00
158.8;238.2;0.00;185.7;0.00;1040.6;734.3;28.00;21066249704.00
295.8;0.00;0.00;185.7;0.00;1091.4;769.3;7.00;14843728804.00
255.5;170.3;0.00;185.7;0.00;1026.6;724.3;28.00;32051670812.00
203.5;135.7;0.00;185.7;0.00;1076.2;759.3;7.00;11957582268.00
397.00;0.00;0.00;185.7;0.00;1040.6;734.3;7.00;25447869684.00
381.4;0.00;0.00;185.7;0.00;1104.6;784.3;28.00;22489328168.00
295.8;0.00;0.00;185.7;0.00;1091.4;769.3;28.00;25216895224.00
228.00;342.1;0.00;185.7;0.00;955.8;674.3;28.00;39699338604.00
220.8;147.2;0.00;185.7;0.00;1055.00;744.3;7.00;13089012384.00
316.1;210.7;0.00;185.7;0.00;977.00;689.3;28.00;3870028788.00
135.7;203.5;0.00;185.7;0.00;1076.2;759.3;7.00;7507014688.00
238.1;0.00;0.00;185.7;0.00;1118.8;789.3;28.00;17576122192.00
339.2;0.00;0.00;185.7;0.00;1069.2;754.3;7.00;21179323768.00
135.7;203.5;0.00;185.7;0.00;1076.2;759.3;28.00;1819871902.00
193.5;290.2;0.00;185.7;0.00;998.2;704.3;7.00;17200357772.00
203.5;135.7;0.00;185.7;0.00;1076.2;759.3;28.00;22629981272.00
290.2;193.5;0.00;185.7;0.00;998.2;704.3;7.00;21859147104.00
181.9;272.8;0.00;185.7;0.00;1012.4;714.3;7.00;1237264682.00
170.3;155.5;0.00;185.7;0.00;1026.6;724.3;28.00;25726417988.00
210.7;316.1;0.00;185.7;0.00;977.00;689.3;28.00;37813621744.00
228.00;342.1;0.00;185.7;0.00;955.8;674.3;7.00;21917063088.00
290.2;193.5;0.00;185.7;0.00;998.2;704.3;28.00;330431373.00
381.4;0.00;0.00;185.7;0.00;1104.6;784.3;7.00;1454104884.00
238.2;158.8;0.00;185.7;0.00;1040.6;734.3;28.00;2691369566.00
186.2;124.1;0.00;185.7;0.00;1083.4;764.3;7.00;7995853172.00
339.2;0.00;0.00;185.7;0.00;1069.2;754.3;28.00;31899986092.00
238.1;0.00;0.00;185.7;0.00;1118.8;789.3;7.00;10335934716.00
252.5;0.00;0.00;185.7;0.00;1111.6;784.3;28.00;19765208492.00
382.5;0.00;0.00;185.7;0.00;1047.8;739.3;28.00;37437857324.00
252.5;0.00;0.00;185.7;0.00;1111.6;784.3;7.00;11483912256.00
316.1;210.7;0.00;185.7;0.00;977.00;689.3;7.00;24437787344.00
186.2;124.1;0.00;185.7;0.00;1083.4;764.3;28.00;17596806472.00
170.3;155.5;0.00;185.7;0.00;1026.6;724.3;7.00;10730314988.00
272.8;181.9;0.00;185.7;0.00;1012.4;714.3;28.00;3138150014.00
339.00;0.00;0.00;197.00;0.00;968.00;781.00;3.00;1322414968.00
339.00;0.00;0.00;197.00;0.00;968.00;781.00;7.00;2096696516.00
339.00;0.00;0.00;197.00;0.00;968.00;781.00;14.00;2704124872.00
339.00;0.00;0.00;197.00;0.00;968.00;781.00;28.00;3203994972.00
339.00;0.00;0.00;197.00;0.00;968.00;781.00;90.00;3517017076.00
339.00;0.00;0.00;197.00;0.00;968.00;781.00;180.00;3644570136.00
339.00;0.00;0.00;197.00;0.00;968.00;781.00;365.00;3889334116.00
236.00;0.00;0.00;194.00;0.00;968.00;885.00;3.00;646728488.00
236.00;0.00;0.00;194.00;0.00;968.00;885.00;14.00;1283804312.00
236.00;0.00;0.00;194.00;0.00;968.00;885.00;28.00;1841590396.00
236.00;0.00;0.00;194.00;0.00;968.00;885.00;90.00;2194602108.00
236.00;0.00;0.00;193.00;0.00;968.00;885.00;180.00;2410408096.00
236.00;0.00;0.00;193.00;0.00;968.00;885.00;365.00;2508313688.00
277.00;0.00;0.00;191.00;0.00;968.00;856.00;14.00;2126343984.00
277.00;0.00;0.00;191.00;0.00;968.00;856.00;28.00;2596566616.00
277.00;0.00;0.00;191.00;0.00;968.00;856.00;3.00;1136256448.00
277.00;0.00;0.00;191.00;0.00;968.00;856.00;90.00;3125394708.00
277.00;0.00;0.00;191.00;0.00;968.00;856.00;180.00;3232952964.00
277.00;0.00;0.00;191.00;0.00;968.00;856.00;360.00;3370158688.00
254.00;0.00;0.00;198.00;0.00;968.00;863.00;3.00;9307926.00
254.00;0.00;0.00;198.00;0.00;968.00;863.00;90.00;2694472208.00
254.00;0.00;0.00;198.00;0.00;968.00;863.00;180.00;2762730332.00
254.00;0.00;0.00;198.00;0.00;968.00;863.00;365.00;297853632.00
307.00;0.00;0.00;193.00;0.00;968.00;812.00;180.00;3448758952.00
307.00;0.00;0.00;193.00;0.00;968.00;812.00;365.00;3614922668.00
307.00;0.00;0.00;193.00;0.00;968.00;812.00;3.00;1254156844.00
307.00;0.00;0.00;193.00;0.00;968.00;812.00;28.00;2753077668.00
307.00;0.00;0.00;193.00;0.00;968.00;812.00;90.00;32922479.00
236.00;0.00;0.00;193.00;0.00;968.00;885.00;7.00;999050724.00
200.00;0.00;0.00;180.00;0.00;1125.00;845.00;7.00;783934212.00
200.00;0.00;0.00;180.00;0.00;1125.00;845.00;28.00;1224509376.00
225.00;0.00;0.00;181.00;0.00;1113.00;833.00;7.00;111695112.00
225.00;0.00;0.00;181.00;0.00;1113.00;833.00;28.00;173403214.00
325.00;0.00;0.00;184.00;0.00;1063.00;783.00;7.00;1754026944.00
325.00;0.00;0.00;184.00;0.00;1063.00;783.00;28.00;3057136584.00
275.00;0.00;0.00;183.00;0.00;1088.00;808.00;7.00;142032056.00
275.00;0.00;0.00;183.00;0.00;1088.00;808.00;28.00;2449708228.00
300.00;0.00;0.00;184.00;0.00;1075.00;795.00;7.00;1557526284.00
300.00;0.00;0.00;184.00;0.00;1075.00;795.00;28.00;2684819544.00
375.00;0.00;0.00;186.00;0.00;1038.00;758.00;7.00;260621928.00
375.00;0.00;0.00;186.00;0.00;1038.00;758.00;28.00;3821075992.00
400.00;0.00;0.00;187.00;0.00;1025.00;745.00;28.00;4369898888.00
400.00;0.00;0.00;187.00;0.00;1025.00;745.00;7.00;3014389072.00
250.00;0.00;0.00;182.00;0.00;1100.00;820.00;7.00;1273462172.00
250.00;0.00;0.00;182.00;0.00;1100.00;820.00;28.00;2087043852.00
350.00;0.00;0.00;186.00;0.00;1050.00;770.00;7.00;2027748916.00
350.00;0.00;0.00;186.00;0.00;1050.00;770.00;28.00;3429453624.00
203.5;305.3;0.00;203.5;0.00;963.4;630.00;7.00;19539060364.00
250.2;166.8;0.00;203.5;0.00;977.6;694.1;90.00;47714497104.00
157.00;236.00;0.00;192.00;0.00;935.4;781.2;90.00;43377003588.00
141.3;212.00;0.00;203.5;0.00;971.8;748.5;28.00;2989223198.00
166.8;250.2;0.00;203.5;0.00;975.6;692.6;3.00;6902344236.00
122.6;183.9;0.00;203.5;0.00;958.2;800.1;90.00;33192064116.00
183.9;122.6;0.00;203.5;0.00;959.2;800.00;3.00;4903553312.00
102.00;153.00;0.00;192.00;0.00;887.00;942.00;3.00;4565020596.00
102.00;153.00;0.00;192.00;0.00;887.00;942.00;90.00;25460969728.00
122.6;183.9;0.00;203.5;0.00;958.2;800.1;28.00;24290928956.00
166.8;250.2;0.00;203.5;0.00;975.6;692.6;28.00;33947729812.00
200.00;133.00;0.00;192.00;0.00;965.4;806.2;3.00;1141427518.00
108.3;162.4;0.00;203.5;0.00;938.2;849.00;28.00;20593958644.00
305.3;203.5;0.00;203.5;0.00;965.4;631.00;7.00;25893960656.00
108.3;162.4;0.00;203.5;0.00;938.2;849.00;90.00;29231713972.00
116.00;173.00;0.00;192.00;0.00;909.8;891.9;90.00;31023662096.00
141.3;212.00;0.00;203.5;0.00;971.8;748.5;7.00;103938507.00
157.00;236.00;0.00;192.00;0.00;935.4;781.2;28.00;33664355176.00
133.00;200.00;0.00;192.00;0.00;927.4;839.2;28.00;27874825204.00
250.2;166.8;0.00;203.5;0.00;977.6;694.1;7.00;1935014394.00
173.00;116.00;0.00;192.00;0.00;946.8;856.8;7.00;11392211948.00
192.00;288.00;0.00;192.00;0.00;929.8;716.1;3.00;12788400848.00
192.00;288.00;0.00;192.00;0.00;929.8;716.1;28.00;39321505756.00
153.00;102.00;0.00;192.00;0.00;888.00;943.1;3.00;4782205536.00
288.00;192.00;0.00;192.00;0.00;932.00;717.8;3.00;1610960674.00
305.3;203.5;0.00;203.5;0.00;965.4;631.00;28.00;43377003588.00
236.00;157.00;0.00;192.00;0.00;972.6;749.1;7.00;20416073836.00
173.00;116.00;0.00;192.00;0.00;946.8;856.8;3.00;6940954892.00
212.00;141.3;0.00;203.5;0.00;973.4;750.00;7.00;150305768.00
236.00;157.00;0.00;192.00;0.00;972.6;749.1;3.00;135654403.00
183.9;122.6;0.00;203.5;0.00;959.2;800.00;90.00;3253292506.00
166.8;250.2;0.00;203.5;0.00;975.6;692.6;7.00;15748321316.00
102.00;153.00;0.00;192.00;0.00;887.00;942.00;7.00;7675936308.00
288.00;192.00;0.00;192.00;0.00;932.00;717.8;28.00;38804398756.00
212.00;141.3;0.00;203.5;0.00;973.4;750.00;28.00;33003837168.00
102.00;153.00;0.00;192.00;0.00;887.00;942.00;28.00;17275510656.00
173.00;116.00;0.00;192.00;0.00;946.8;856.8;28.00;24281965768.00
183.9;122.6;0.00;203.5;0.00;959.2;800.00;28.00;24046164976.00
133.00;200.00;0.00;192.00;0.00;927.4;839.2;90.00;36588422892.00
192.00;288.00;0.00;192.00;0.00;929.8;716.1;90.00;50732333556.00
133.00;200.00;0.00;192.00;0.00;927.4;839.2;7.00;13664035368.00
305.3;203.5;0.00;203.5;0.00;965.4;631.00;3.00;14143910664.00
236.00;157.00;0.00;192.00;0.00;972.6;749.1;90.00;47782065752.00
108.3;162.4;0.00;203.5;0.00;938.2;849.00;3.00;2331807832.00
157.00;236.00;0.00;192.00;0.00;935.4;781.2;7.00;16889404096.00
288.00;192.00;0.00;192.00;0.00;932.00;717.8;7.00;23523542168.00
212.00;141.3;0.00;203.5;0.00;973.4;750.00;3.00;68085755.00
212.00;141.3;0.00;203.5;0.00;973.4;750.00;90.00;3970002808.00
153.00;102.00;0.00;192.00;0.00;888.00;943.1;28.00;1796429718.00
236.00;157.00;0.00;192.00;0.00;972.6;749.1;28.00;3288455782.00
116.00;173.00;0.00;192.00;0.00;909.8;891.9;28.00;22347985588.00
183.9;122.6;0.00;203.5;0.00;959.2;800.00;7.00;10787541496.00
108.3;162.4;0.00;203.5;0.00;938.2;849.00;7.00;7723510152.00
203.5;305.3;0.00;203.5;0.00;963.4;630.00;28.00;41684340008.00
203.5;305.3;0.00;203.5;0.00;963.4;630.00;3.00;9561653168.00
133.00;200.00;0.00;192.00;0.00;927.4;839.2;3.00;6883728384.00
288.00;192.00;0.00;192.00;0.00;932.00;717.8;90.00;50526869708.00
200.00;133.00;0.00;192.00;0.00;965.4;806.2;7.00;17165883972.00
200.00;133.00;0.00;192.00;0.00;965.4;806.2;28.00;30439675924.00
250.2;166.8;0.00;203.5;0.00;977.6;694.1;3.00;9731264264.00
122.6;183.9;0.00;203.5;0.00;958.2;800.1;3.00;331982694.00
153.00;102.00;0.00;192.00;0.00;888.00;943.1;90.00;26322814728.00
200.00;133.00;0.00;192.00;0.00;965.4;806.2;90.00;4325082948.00
116.00;173.00;0.00;192.00;0.00;909.8;891.9;3.00;6280436884.00
173.00;116.00;0.00;192.00;0.00;946.8;856.8;90.00;32102692036.00
250.2;166.8;0.00;203.5;0.00;977.6;694.1;28.00;36964187312.00
305.3;203.5;0.00;203.5;0.00;965.4;631.00;90.00;54598914964.00
192.00;288.00;0.00;192.00;0.00;929.8;716.1;7.00;2148062478.00
157.00;236.00;0.00;192.00;0.00;935.4;781.2;3.00;9694722036.00
153.00;102.00;0.00;192.00;0.00;888.00;943.1;7.00;8374375496.00
141.3;212.00;0.00;203.5;0.00;971.8;748.5;90.00;396621069.00
116.00;173.00;0.00;192.00;0.00;909.8;891.9;7.00;10089791784.00
141.3;212.00;0.00;203.5;0.00;971.8;748.5;3.00;4827710952.00
122.6;183.9;0.00;203.5;0.00;958.2;800.1;7.00;10354550568.00
166.8;250.2;0.00;203.5;0.00;975.6;692.6;90.00;43565230536.00
203.5;305.3;0.00;203.5;0.00;963.4;630.00;90.00;51863763672.00
310.00;0.00;0.00;192.00;0.00;1012.00;830.00;3.00;1185209244.00
310.00;0.00;0.00;192.00;0.00;1012.00;830.00;7.00;1724379476.00
310.00;0.00;0.00;192.00;0.00;1012.00;830.00;28.00;2782725136.00
310.00;0.00;0.00;192.00;0.00;1012.00;830.00;90.00;3576312012.00
310.00;0.00;0.00;192.00;0.00;1012.00;830.00;120.00;3870028788.00
331.00;0.00;0.00;192.00;0.00;1025.00;821.00;3.00;14306627.00
331.00;0.00;0.00;192.00;0.00;1025.00;821.00;7.00;1743684804.00
331.00;0.00;0.00;192.00;0.00;1025.00;821.00;28.00;3174347504.00
331.00;0.00;0.00;192.00;0.00;1025.00;821.00;90.00;3791428524.00
331.00;0.00;0.00;192.00;0.00;1025.00;821.00;120.00;3938286912.00
349.00;0.00;0.00;192.00;0.00;1056.00;809.00;3.00;1587173752.00
349.00;0.00;0.00;192.00;0.00;1056.00;809.00;7.00;901145132.00
349.00;0.00;0.00;192.00;0.00;1056.00;809.00;28.00;3360506024.00
349.00;0.00;0.00;192.00;0.00;1056.00;809.00;90.00;4065839972.00
349.00;0.00;0.00;192.00;0.00;1056.00;809.00;120.00;4085834776.00
238.00;0.00;0.00;186.00;0.00;1119.00;789.00;7.00;1205204048.00
238.00;0.00;0.00;186.00;0.00;1119.00;789.00;28.00;1754026944.00
296.00;0.00;0.00;186.00;0.00;1090.00;769.00;7.00;1891232668.00
296.00;0.00;0.00;186.00;0.00;1090.00;769.00;28.00;2517966352.00
297.00;0.00;0.00;186.00;0.00;1040.00;734.00;7.00;309574724.00
480.00;0.00;0.00;192.00;0.00;936.00;721.00;28.00;4389204216.00
480.00;0.00;0.00;192.00;0.00;936.00;721.00;90.00;5427555072.00
397.00;0.00;0.00;186.00;0.00;1040.00;734.00;28.00;3693522932.00
281.00;0.00;0.00;186.00;0.00;1104.00;774.00;7.00;1449968028.00
281.00;0.00;0.00;185.00;0.00;1104.00;774.00;28.00;2243554904.00
500.00;0.00;0.00;200.00;0.00;1125.00;613.00;1.00;1263809508.00
500.00;0.00;0.00;200.00;0.00;1125.00;613.00;3.00;260621928.00
500.00;0.00;0.00;200.00;0.00;1125.00;613.00;7.00;3321205892.00
500.00;0.00;0.00;200.00;0.00;1125.00;613.00;14.00;3693522932.00
500.00;0.00;0.00;200.00;0.00;1125.00;613.00;28.00;440919902.00
540.00;0.00;0.00;173.00;0.00;1125.00;613.00;7.00;5261391356.00
540.00;0.00;0.00;173.00;0.00;1125.00;613.00;14.00;5976377968.00
540.00;0.00;0.00;173.00;0.00;1125.00;613.00;28.00;6730664712.00
540.00;0.00;0.00;173.00;0.00;1125.00;613.00;90.00;6965776028.00
540.00;0.00;0.00;173.00;0.00;1125.00;613.00;180.00;7162276688.00
540.00;0.00;0.00;173.00;0.00;1125.00;613.00;270.00;7416693332.00
350.00;0.00;0.00;203.00;0.00;974.00;775.00;7.00;1812632404.00
350.00;0.00;0.00;203.00;0.00;974.00;775.00;14.00;2253207568.00
350.00;0.00;0.00;203.00;0.00;974.00;775.00;28.00;273377234.00
350.00;0.00;0.00;203.00;0.00;974.00;775.00;56.00;2997841648.00
350.00;0.00;0.00;203.00;0.00;974.00;775.00;90.00;3135047372.00
350.00;0.00;0.00;203.00;0.00;974.00;775.00;180.00;3272253096.00
385.00;0.00;0.00;186.00;0.00;966.00;763.00;1.00;626733684.00
385.00;0.00;0.00;186.00;0.00;966.00;763.00;3.00;1469962832.00
385.00;0.00;0.00;186.00;0.00;966.00;763.00;7.00;2322155168.00
385.00;0.00;0.00;186.00;0.00;966.00;763.00;14.00;27923778.00
385.00;0.00;0.00;186.00;0.00;966.00;763.00;28.00;3135047372.00
331.00;0.00;0.00;192.00;0.00;978.00;825.00;180.00;3899676256.00
331.00;0.00;0.00;192.00;0.00;978.00;825.00;360.00;4124445432.00
349.00;0.00;0.00;192.00;0.00;1047.00;806.00;3.00;1498920824.00
331.00;0.00;0.00;192.00;0.00;978.00;825.00;3.00;1352062436.00
382.00;0.00;0.00;186.00;0.00;1047.00;739.00;7.00;2400065956.00
382.00;0.00;0.00;186.00;0.00;1047.00;739.00;28.00;3742475728.00
382.00;0.00;0.00;186.00;0.00;1111.00;784.00;7.00;1146598588.00
281.00;0.00;0.00;186.00;0.00;1104.00;774.00;28.00;2243554904.00
339.00;0.00;0.00;185.00;0.00;1069.00;754.00;7.00;2116001844.00
339.00;0.00;0.00;185.00;0.00;1069.00;754.00;28.00;3184000168.00
295.00;0.00;0.00;185.00;0.00;1069.00;769.00;7.00;1479615496.00
295.00;0.00;0.00;185.00;0.00;1069.00;769.00;28.00;2517966352.00
238.00;0.00;0.00;185.00;0.00;1118.00;789.00;28.00;1754026944.00
296.00;0.00;0.00;192.00;0.00;1085.00;765.00;7.00;142032056.00
296.00;0.00;0.00;192.00;0.00;1085.00;765.00;28.00;216495464.00
296.00;0.00;0.00;192.00;0.00;1085.00;765.00;90.00;2939236188.00
331.00;0.00;0.00;192.00;0.00;879.00;825.00;3.00;1352062436.00
331.00;0.00;0.00;192.00;0.00;978.00;825.00;7.00;1626473884.00
331.00;0.00;0.00;192.00;0.00;978.00;825.00;28.00;3144700036.00
331.00;0.00;0.00;192.00;0.00;978.00;825.00;90.00;37231704.00
349.00;0.00;0.00;192.00;0.00;1047.00;806.00;7.00;1812632404.00
349.00;0.00;0.00;192.00;0.00;1047.00;806.00;28.00;3272253096.00
349.00;0.00;0.00;192.00;0.00;1047.00;806.00;90.00;3948629052.00
349.00;0.00;0.00;192.00;0.00;1047.00;806.00;180.00;4105140104.00
349.00;0.00;0.00;192.00;0.00;1047.00;806.00;360.00;421269836.00
302.00;0.00;0.00;203.00;0.00;974.00;817.00;14.00;1812632404.00
302.00;0.00;0.00;203.00;0.00;974.00;817.00;180.00;2674477404.00
525.00;0.00;0.00;189.00;0.00;1125.00;613.00;180.00;6192183956.00
500.00;0.00;0.00;200.00;0.00;1125.00;613.00;90.00;4722221124.00
500.00;0.00;0.00;200.00;0.00;1125.00;613.00;180.00;5104190828.00
500.00;0.00;0.00;200.00;0.00;1125.00;613.00;270.00;5515808.00
540.00;0.00;0.00;173.00;0.00;1125.00;613.00;3.00;4163745564.00
252.00;0.00;0.00;185.00;0.00;1111.00;784.00;7.00;1371367764.00
252.00;0.00;0.00;185.00;0.00;1111.00;784.00;28.00;1969143456.00
339.00;0.00;0.00;185.00;0.00;1060.00;754.00;28.00;316469484.00
393.00;0.00;0.00;192.00;0.00;940.00;758.00;3.00;1910537996.00
393.00;0.00;0.00;192.00;0.00;940.00;758.00;28.00;3958281716.00
393.00;0.00;0.00;192.00;0.00;940.00;758.00;90.00;4879421652.00
382.00;0.00;0.00;185.00;0.00;1047.00;739.00;7.00;2400065956.00
382.00;0.00;0.00;185.00;0.00;1047.00;739.00;28.00;3742475728.00
252.00;0.00;0.00;186.00;0.00;1111.00;784.00;7.00;1146598588.00
252.00;0.00;0.00;185.00;0.00;1111.00;784.00;28.00;1969143456.00
310.00;0.00;0.00;192.00;0.00;970.00;850.00;7.00;1498920824.00
310.00;0.00;0.00;192.00;0.00;970.00;850.00;28.00;27923778.00
310.00;0.00;0.00;192.00;0.00;970.00;850.00;90.00;346806428.00
310.00;0.00;0.00;192.00;0.00;970.00;850.00;180.00;3732823064.00
310.00;0.00;0.00;192.00;0.00;970.00;850.00;360.00;3811423328.00
525.00;0.00;0.00;189.00;0.00;1125.00;613.00;3.00;3379811352.00
525.00;0.00;0.00;189.00;0.00;1125.00;613.00;7.00;4242345828.00
525.00;0.00;0.00;189.00;0.00;1125.00;613.00;14.00;484012152.00
525.00;0.00;0.00;189.00;0.00;1125.00;613.00;28.00;5594408264.00
525.00;0.00;0.00;189.00;0.00;1125.00;613.00;90.00;5878472376.00
525.00;0.00;0.00;189.00;0.00;1125.00;613.00;270.00;6711359384.00
322.00;0.00;0.00;203.00;0.00;974.00;800.00;14.00;2077391188.00
322.00;0.00;0.00;203.00;0.00;974.00;800.00;28.00;2517966352.00
322.00;0.00;0.00;203.00;0.00;974.00;800.00;180.00;2958541516.00
302.00;0.00;0.00;203.00;0.00;974.00;817.00;28.00;217529678.00
397.00;0.00;0.00;185.00;0.00;1040.00;734.00;28.00;390932892.00
480.00;0.00;0.00;192.00;0.00;936.00;721.00;3.00;2439366088.00
522.00;0.00;0.00;146.00;0.00;896.00;896.00;7.00;5051101176.00
522.00;0.00;0.00;146.00;0.00;896.00;896.00;28.00;7498740976.00
273.00;105.00;82.00;210.00;9.00;904.00;680.00;28.00;3716965116.00
162.00;190.00;148.00;179.00;19.00;838.00;741.00;28.00;3375674496.00
154.00;144.00;112.00;220.00;10.00;923.00;658.00;28.00;1649916068.00
147.00;115.00;89.00;202.00;9.00;860.00;829.00;28.00;1998790924.00
152.00;178.00;139.00;168.00;18.00;944.00;695.00;28.00;3634917472.00
310.00;143.00;111.00;168.00;22.00;914.00;651.00;28.00;3368779736.00
144.00;0.00;175.00;158.00;18.00;943.00;844.00;28.00;1541668336.00
304.00;140.00;0.00;214.00;6.00;895.00;722.00;28.00;3341890172.00
374.00;0.00;0.00;190.00;7.00;1013.00;730.00;28.00;3905192064.00
159.00;149.00;116.00;175.00;15.00;953.00;720.00;28.00;2767556664.00
153.00;239.00;0.00;200.00;6.00;1002.00;684.00;28.00;268550902.00
310.00;143.00;0.00;168.00;10.00;914.00;804.00;28.00;452985732.00
305.00;0.00;100.00;196.00;10.00;959.00;705.00;28.00;3012320644.00
151.00;0.00;184.00;167.00;12.00;991.00;772.00;28.00;1556836808.00
142.00;167.00;130.00;174.00;11.00;883.00;785.00;28.00;446090972.00
298.00;137.00;107.00;201.00;6.00;878.00;655.00;28.00;5352402188.00
321.00;164.00;0.00;190.00;5.00;870.00;774.00;28.00;5721271848.00
366.00;187.00;0.00;191.00;7.00;824.00;757.00;28.00;6590701084.00
280.00;129.00;100.00;172.00;9.00;825.00;805.00;28.00;5282075636.00
252.00;97.00;76.00;194.00;8.00;835.00;821.00;28.00;3339821744.00
165.00;0.00;150.00;182.00;12.00;1023.00;729.00;28.00;180297974.00
156.00;243.00;0.00;180.00;11.00;1022.00;698.00;28.00;3736270444.00
160.00;188.00;146.00;203.00;11.00;829.00;710.00;28.00;3283974188.00
298.00;0.00;107.00;186.00;6.00;879.00;815.00;28.00;4263719584.00
318.00;0.00;126.00;210.00;6.00;861.00;737.00;28.00;400585556.00
287.00;121.00;94.00;188.00;9.00;904.00;696.00;28.00;4194082508.00
326.00;166.00;0.00;174.00;9.00;882.00;790.00;28.00;6123236356.00
356.00;0.00;142.00;193.00;11.00;801.00;778.00;28.00;4086524252.00
132.00;207.00;161.00;179.00;5.00;867.00;736.00;28.00;333016908.00
322.00;149.00;0.00;186.00;8.00;951.00;709.00;28.00;5242086028.00
164.00;0.00;200.00;181.00;13.00;849.00;846.00;28.00;1508573488.00
314.00;0.00;113.00;170.00;10.00;925.00;783.00;28.00;3845897128.00
321.00;0.00;128.00;182.00;11.00;870.00;780.00;28.00;3725928304.00
140.00;164.00;128.00;237.00;6.00;869.00;656.00;28.00;3522532884.00
288.00;121.00;0.00;177.00;7.00;908.00;829.00;28.00;4213387836.00
298.00;0.00;107.00;210.00;11.00;880.00;744.00;28.00;3187447548.00
265.00;111.00;86.00;195.00;6.00;833.00;790.00;28.00;41540929.00
160.00;250.00;0.00;168.00;12.00;1049.00;688.00;28.00;3945181672.00
166.00;260.00;0.00;183.00;13.00;859.00;827.00;28.00;3791428524.00
276.00;116.00;90.00;180.00;9.00;870.00;768.00;28.00;4427814872.00
322.00;0.00;116.00;196.00;10.00;818.00;813.00;28.00;3117810472.00
149.00;139.00;109.00;193.00;6.00;892.00;780.00;28.00;2369039536.00
159.00;187.00;0.00;176.00;11.00;990.00;789.00;28.00;3276389952.00
261.00;100.00;78.00;201.00;9.00;864.00;761.00;28.00;3239847724.00
237.00;92.00;71.00;247.00;6.00;853.00;695.00;28.00;2862704352.00
313.00;0.00;113.00;178.00;8.00;1002.00;689.00;28.00;3680422888.00
155.00;183.00;0.00;193.00;9.00;1047.00;697.00;28.00;1828490352.00
146.00;230.00;0.00;202.00;3.00;827.00;872.00;28.00;330603742.00
296.00;0.00;107.00;221.00;11.00;819.00;778.00;28.00;3141942132.00
133.00;210.00;0.00;196.00;3.00;949.00;795.00;28.00;3102642.00
313.00;145.00;0.00;178.00;8.00;867.00;824.00;28.00;4438846488.00
152.00;0.00;112.00;184.00;8.00;992.00;816.00;28.00;1217614616.00
153.00;145.00;113.00;178.00;8.00;1002.00;689.00;28.00;2555887532.00
140.00;133.00;103.00;200.00;7.00;916.00;753.00;28.00;364388066.00
149.00;236.00;0.00;176.00;13.00;847.00;893.00;28.00;329569528.00
300.00;0.00;120.00;212.00;10.00;878.00;728.00;28.00;2383518532.00
153.00;145.00;113.00;178.00;8.00;867.00;824.00;28.00;2622766704.00
148.00;0.00;137.00;158.00;16.00;1002.00;830.00;28.00;1795395504.00
326.00;0.00;138.00;199.00;11.00;801.00;792.00;28.00;40679084.00
153.00;145.00;0.00;178.00;8.00;1000.00;822.00;28.00;1900885332.00
262.00;111.00;86.00;195.00;5.00;895.00;733.00;28.00;337153764.00
158.00;0.00;195.00;220.00;11.00;898.00;713.00;28.00;853571288.00
151.00;0.00;185.00;167.00;16.00;1074.00;678.00;28.00;1345857152.00
273.00;0.00;90.00;199.00;11.00;931.00;762.00;28.00;3223989776.00
149.00;118.00;92.00;183.00;7.00;953.00;780.00;28.00;2351802636.00
143.00;169.00;143.00;191.00;8.00;967.00;643.00;28.00;2972331036.00
260.00;101.00;78.00;171.00;10.00;936.00;763.00;28.00;4977327244.00
313.00;161.00;0.00;178.00;10.00;917.00;759.00;28.00;5244154456.00
284.00;120.00;0.00;168.00;7.00;970.00;794.00;28.00;4093419012.00
336.00;0.00;0.00;182.00;3.00;986.00;817.00;28.00;4486420332.00
145.00;0.00;134.00;181.00;11.00;979.00;812.00;28.00;1319657064.00
150.00;237.00;0.00;174.00;12.00;1069.00;675.00;28.00;3743165204.00
144.00;170.00;133.00;192.00;8.00;814.00;805.00;28.00;2986810032.00
331.00;170.00;0.00;195.00;8.00;811.00;802.00;28.00;5661287436.00
155.00;0.00;143.00;193.00;9.00;1047.00;697.00;28.00;1245883132.00
155.00;183.00;0.00;193.00;9.00;877.00;868.00;28.00;23786922.00
135.00;0.00;166.00;180.00;10.00;961.00;805.00;28.00;1329309728.00
266.00;112.00;87.00;178.00;10.00;910.00;745.00;28.00;3941734292.00
314.00;145.00;113.00;179.00;8.00;869.00;690.00;28.00;462293658.00
313.00;145.00;0.00;127.00;8.00;1000.00;822.00;28.00;4451946532.00
146.00;173.00;0.00;182.00;3.00;986.00;817.00;28.00;2373865868.00
144.00;136.00;106.00;178.00;7.00;941.00;774.00;28.00;2614492992.00
148.00;0.00;182.00;181.00;15.00;839.00;884.00;28.00;1552010476.00
277.00;117.00;91.00;191.00;7.00;946.00;666.00;28.00;435748832.00
298.00;0.00;107.00;164.00;13.00;953.00;784.00;28.00;3585964676.00
313.00;145.00;0.00;178.00;8.00;1002.00;689.00;28.00;4105140104.00
155.00;184.00;143.00;194.00;9.00;880.00;699.00;28.00;2898557104.00
289.00;134.00;0.00;195.00;6.00;924.00;760.00;28.00;4624315532.00
148.00;175.00;0.00;171.00;2.00;1000.00;828.00;28.00;2691714304.00
145.00;0.00;179.00;202.00;8.00;824.00;869.00;28.00;1053519328.00
313.00;0.00;0.00;178.00;8.00;1000.00;822.00;28.00;250969264.00
136.00;162.00;126.00;172.00;10.00;923.00;764.00;28.00;2906830816.00
155.00;0.00;143.00;193.00;9.00;877.00;868.00;28.00;973540112.00
255.00;99.00;77.00;189.00;6.00;919.00;749.00;28.00;3379811352.00
162.00;207.00;172.00;216.00;10.00;822.00;638.00;28.00;3984481804.00
136.00;196.00;98.00;199.00;6.00;847.00;783.00;28.00;2696540636.00
164.00;163.00;128.00;197.00;8.00;961.00;641.00;28.00;27234302.00
162.00;214.00;164.00;202.00;10.00;820.00;680.00;28.00;306472082.00
157.00;214.00;152.00;200.00;9.00;819.00;704.00;28.00;3305347944.00
149.00;153.00;194.00;192.00;8.00;935.00;623.00;28.00;245798194.00
135.00;105.00;193.00;196.00;6.00;965.00;643.00;28.00;2191154728.00
159.00;209.00;161.00;201.00;7.00;848.00;669.00;28.00;3088163004.00
144.00;15.00;195.00;176.00;6.00;1021.00;709.00;28.00;15340841.00
154.00;174.00;185.00;228.00;7.00;845.00;612.00;28.00;243385028.00
167.00;187.00;195.00;185.00;7.00;898.00;636.00;28.00;238903434.00
184.00;86.00;190.00;213.00;6.00;923.00;623.00;28.00;2293197176.00
156.00;178.00;187.00;221.00;7.00;854.00;614.00;28.00;2941304616.00
236.9;91.7;71.5;246.9;6.00;852.9;695.4;28.00;28629801424.00
313.3;0.00;113.00;178.5;8.00;1001.9;688.7;28.00;36804918356.00
154.8;183.4;0.00;193.3;9.1;1047.4;696.7;28.00;18287661424.00
145.9;230.5;0.00;202.5;3.4;827.00;871.8;28.00;32720462532.00
296.00;0.00;106.7;221.4;10.5;819.2;778.4;28.00;31420110796.00
133.1;210.2;0.00;195.7;3.1;949.4;795.3;28.00;28937997196.00
313.3;145.00;0.00;178.5;8.00;867.2;824.00;28.00;40925226932.00
151.6;0.00;111.9;184.4;7.9;992.00;815.9;28.00;12180972492.00
153.1;145.00;113.00;178.5;8.00;1001.9;688.7;28.00;25559564796.00
139.9;132.6;103.3;200.3;7.4;916.00;753.4;28.00;36443632932.00
149.5;236.00;0.00;175.8;12.6;846.8;892.7;28.00;3296384756.00
299.8;0.00;119.8;211.5;9.9;878.2;727.6;28.00;23835874796.00
153.1;145.00;113.00;178.5;8.00;867.2;824.00;28.00;26233182848.00
148.1;0.00;136.6;158.1;16.1;1001.8;830.1;28.00;17959470848.00
326.5;0.00;137.9;199.00;10.8;801.1;792.5;28.00;38630650804.00
152.7;144.7;0.00;178.1;8.00;999.7;822.2;28.00;19009542796.00
261.9;110.5;86.1;195.4;5.00;895.2;732.6;28.00;3371882378.00
158.4;0.00;194.9;219.7;11.00;897.7;712.9;28.00;8536402356.00
150.7;0.00;185.3;166.7;15.6;1074.5;678.00;28.00;13461329424.00
272.6;0.00;89.6;198.7;10.6;931.3;762.2;28.00;32245413568.00
149.00;117.6;91.7;182.9;7.1;953.4;780.3;28.00;23524231644.00
143.00;169.4;142.7;190.7;8.4;967.4;643.5;28.00;29726068264.00
259.9;100.6;78.4;170.6;10.4;935.7;762.9;28.00;4977327244.00
312.9;160.5;0.00;177.6;9.6;916.6;759.5;28.00;52446370892.00
284.00;119.7;0.00;168.3;7.2;970.4;794.2;28.00;40934879596.00
336.5;0.00;0.00;181.9;3.4;985.8;816.8;28.00;44868340176.00
144.8;0.00;133.6;180.8;11.1;979.5;811.5;28.00;13202086448.00
150.00;236.8;0.00;173.8;11.9;1069.3;674.8;28.00;3743165204.00
143.7;170.2;132.6;191.6;8.5;814.1;805.3;28.00;29870858224.00
330.5;169.6;0.00;194.9;8.1;811.00;802.3;28.00;56619079644.00
154.8;0.00;142.8;193.3;9.1;1047.4;696.7;28.00;12459520796.00
154.8;183.4;0.00;193.3;9.1;877.2;867.7;28.00;23786922.00
134.7;0.00;165.7;180.2;10.00;961.00;804.9;28.00;13293786756.00
266.2;112.3;87.5;177.9;10.4;909.7;744.5;28.00;39421479776.00
314.00;145.3;113.2;178.9;8.00;869.1;690.2;28.00;46234192132.00
312.7;144.7;0.00;127.3;8.00;999.7;822.2;28.00;44523602176.00
145.7;172.6;0.00;181.9;3.4;985.8;816.8;28.00;23744174488.00
143.8;136.3;106.2;178.1;7.5;941.5;774.3;28.00;26147687824.00
148.1;0.00;182.1;181.4;15.00;838.9;884.3;28.00;15526310044.00
277.00;116.8;91.00;190.6;7.00;946.5;665.6;28.00;4357833058.00
298.1;0.00;107.5;163.6;12.8;953.2;784.00;28.00;35865852044.00
313.3;145.00;0.00;178.5;8.00;1001.9;688.7;28.00;41053469468.00
155.2;183.9;143.2;193.8;9.2;879.6;698.5;28.00;28991086848.00
289.00;133.7;0.00;194.9;5.5;924.1;760.1;28.00;46247292176.00
147.8;175.1;0.00;171.2;2.2;1000.00;828.5;28.00;26922658848.00
145.4;0.00;178.9;201.7;7.8;824.00;868.7;28.00;10535882756.00
312.7;0.00;0.00;178.1;8.00;999.7;822.2;28.00;2510382116.00
136.4;161.6;125.8;171.6;10.4;922.6;764.4;28.00;29073134492.00
154.8;0.00;142.8;193.3;9.1;877.2;867.7;28.00;9738159024.00
255.3;98.8;77.00;188.6;6.5;919.00;749.3;28.00;33798802996.00
272.8;105.1;81.8;209.7;9.00;904.00;679.7;28.00;37171030112.00
162.00;190.1;148.1;178.8;18.8;838.1;741.4;28.00;33762260768.00
153.6;144.2;112.3;220.1;10.1;923.2;657.9;28.00;16503987012.00
146.5;114.6;89.3;201.9;8.8;860.00;829.5;28.00;1998790924.00
151.8;178.1;138.7;167.5;18.3;944.00;694.6;28.00;36349864196.00
309.9;142.8;111.2;167.8;22.1;913.9;651.2;28.00;38215586252.00
143.6;0.00;174.9;158.4;17.9;942.7;844.5;28.00;1542357812.00
303.6;139.9;0.00;213.5;6.2;895.5;722.5;28.00;33419591196.00
374.3;0.00;0.00;190.2;6.7;1013.2;730.4;28.00;39056057496.00
158.6;148.9;116.00;175.1;15.00;953.3;719.7;28.00;27681082448.00
152.6;238.7;0.00;200.00;6.3;1001.8;683.9;28.00;26859916532.00
310.00;142.8;0.00;167.9;10.00;914.3;804.00;28.00;45304778484.00
304.8;0.00;99.6;196.00;9.8;959.4;705.2;28.00;3012320644.00
150.9;0.00;183.9;166.6;11.6;991.2;772.2;28.00;15569747032.00
141.9;166.6;129.7;173.5;10.9;882.6;785.3;28.00;44611855104.00
297.8;137.2;106.9;201.3;6.00;878.4;655.3;28.00;53524711356.00
321.3;164.2;0.00;190.5;4.6;870.00;774.00;28.00;57218234288.00
366.00;187.00;0.00;191.3;6.6;824.3;756.9;28.00;65909079268.00
279.8;128.9;100.4;172.4;9.5;825.1;804.9;28.00;52826961644.00
252.1;97.1;75.6;193.8;8.3;835.5;821.4;28.00;33399596392.00
164.6;0.00;150.4;181.6;11.7;1023.3;728.9;28.00;18033934256.00
155.6;243.5;0.00;180.3;10.7;1022.00;697.7;28.00;37363393916.00
160.2;188.00;146.4;203.2;11.3;828.7;709.7;28.00;35314271244.00
298.1;0.00;107.00;186.4;6.1;879.00;815.2;28.00;426440906.00
317.9;0.00;126.5;209.7;5.7;860.5;736.6;28.00;4006200298.00
287.3;120.5;93.9;187.6;9.2;904.4;695.9;28.00;43798273424.00
325.6;166.4;0.00;174.00;8.9;881.6;790.00;28.00;6123581094.00
355.9;0.00;141.6;193.3;11.00;801.4;778.4;28.00;408686899.00
132.00;206.5;160.9;178.9;5.5;866.9;735.6;28.00;33306517132.00
322.5;148.6;0.00;185.8;8.5;951.00;709.5;28.00;52426376088.00
164.2;0.00;200.1;181.2;12.6;849.3;846.00;28.00;15091250688.00
313.8;0.00;112.6;169.9;10.1;925.3;782.9;28.00;38461039708.00
321.4;0.00;127.9;182.5;11.5;870.1;779.7;28.00;37265488324.00
139.7;163.9;127.7;236.7;5.8;868.6;655.6;28.00;3522532884.00
288.4;121.00;0.00;177.4;7.00;907.9;829.5;28.00;42140083644.00
298.2;0.00;107.00;209.7;11.1;879.6;744.2;28.00;31875164956.00
264.5;111.00;86.5;195.5;5.9;832.6;790.4;28.00;41542307952.00
159.8;250.00;0.00;168.4;12.2;1049.3;688.2;28.00;39455953576.00
166.00;259.7;0.00;183.2;12.7;858.8;826.8;28.00;37917043144.00
276.4;116.00;90.3;179.6;8.9;870.1;768.3;28.00;44284354004.00
322.2;0.00;115.6;196.00;10.4;817.9;813.4;28.00;31178794196.00
148.5;139.4;108.6;192.7;6.1;892.4;780.00;28.00;23696600644.00
159.1;186.7;0.00;175.6;11.3;989.6;788.9;28.00;32768036376.00
260.9;100.5;78.3;200.6;8.6;864.5;761.5;28.00;32401235144.00